<?xml version="1.0" encoding="UTF-8"?>
<project-private xmlns="http://www.netbeans.org/ns/project-private/1">
    <editor-bookmarks xmlns="http://www.netbeans.org/ns/editor-bookmarks/2" lastBookmarkId="0"/>
    <open-files xmlns="http://www.netbeans.org/ns/projectui-open-files/2">
        <group>
            <file>file:/var/www/html/laravelApp/–-prefer-dist/app/Http/Controllers/LocalizationController.php</file>
            <file>file:/var/www/html/laravelApp/–-prefer-dist/resources/views/home.blade.php</file>
            <file>file:/var/www/html/laravelApp/–-prefer-dist/resources/lang/pk/app.php</file>
            <file>file:/var/www/html/laravelApp/–-prefer-dist/routes/web.php</file>
            <file>file:/var/www/html/laravelApp/–-prefer-dist/resources/lang/pk.json</file>
            <file>file:/var/www/html/laravelApp/–-prefer-dist/app/Http/Middleware/Localization.php</file>
            <file>file:/var/www/html/laravelApp/–-prefer-dist/resources/views/welcome.blade.php</file>
            <file>file:/var/www/html/laravelApp/–-prefer-dist/resources/lang/hn.json</file>
            <file>file:/var/www/html/laravelApp/–-prefer-dist/resources/lang/hn/app.php</file>
        </group>
    </open-files>
</project-private>
